{
  "project_info": {
    "project_number": "846625951921",
    "project_id": "to-do-list-cf669",
    "storage_bucket": "to-do-list-cf669.firebasestorage.app"
  },
  "client": [
    {
      "client_info": {
        "mobilesdk_app_id": "1:846625951921:android:1ec01411fd13ab4b8ad290",
        "android_client_info": {
          "package_name": "com.example.to_dolist"
        }
      },
      "oauth_client": [],
      "api_key": [
        {
          "current_key": "AIzaSyAW7uuuxkOpiCBvYPCrp39aMJe40Ipjo0g"
        }
      ],
      "services": {
        "appinvite_service": {
          "other_platform_oauth_client": []
        }
      }
    }
  ],
  "configuration_version": "1"
}